{"cameraMode":{"drawMode":0,"name":"Shaded","section":"Shading Mode"},"sceneLighting":true,"audioPlay":false,"sceneViewState":{"m_AlwaysRefresh":false,"showFog":true,"showSkybox":true,"showFlares":true,"showImageEffects":true,"showParticleSystems":true,"showVisualEffectGraphs":true,"m_FxEnabled":true},"in2DMode":false,"pivot":{"x":48.798980712890628,"y":8.457830429077149,"z":-177.32395935058595},"rotation":{"x":-0.0001980535453185439,"y":-0.99132239818573,"z":-0.003935712855309248,"w":-0.13221777975559236},"size":64.98438262939453,"orthographic":false}